Entity,Code,Year, (US$)
Genome,,2001,95263071.92
Genome,,2002,65811929.46
Genome,,2003,46954619.15
Genome,,2004,21919152.56
Genome,,2005,15919004.32
Genome,,2006,11562016.25
Genome,,2007,8632663.853
Genome,,2008,1377846.045
Genome,,2009,141461.8777
Genome,,2010,34625.75171
Genome,,2011,13978.79186
Genome,,2012,6542.645573
Genome,,2013,5535.987503
Genome,,2014,4891.085383
Genome,,2015,2697.216326